ess_#,ap_name,ess_name
1,,Simulated AP-206
2,B02-SS-URG13,Simulated AP-207
3,B02-SS-URG08,Simulated AP-208
4,B02-SS-URG05,Simulated AP-209
5,B02-SS-URG01,Simulated AP-210
6,B02-SS-URG03,Simulated AP-211
7,B02-SS-S07,Simulated AP-212
8,B02-SS-S10,Simulated AP-213
9,B02-SS-O01,Simulated AP-214
10,B02-SS-E02,Simulated AP-215
11,B02-SS-N02,Simulated AP-216
12,,Simulated AP-52,
13,,Simulated AP-53,
14,B02-SS-N06,Simulated AP-54
15,B02-SS-N07,Simulated AP-55
16,B02-SS-N04,Simulated AP-56
17,B02-SS-N05,Simulated AP-57
18,B02-SS-N03,Simulated AP-58
19,B02-SS-O02,Simulated AP-59
20,B02-SS-O05,Simulated AP-60
21,B02-SS-O04,Simulated AP-61
22,B02-SS-O03,Simulated AP-62
23,B02-SS-O08,Simulated AP-63
24,B02-SS-O07,Simulated AP-64
25,B02-SS-O06,Simulated AP-65
26,B02-SS-N01,Simulated AP-66
27,B02-SS-S01,Simulated AP-67
28,B02-SS-S02,Simulated AP-68
29,B02-SS-S03,Simulated AP-69
30,B02-SS-S04,Simulated AP-70
31,B02-SS-S09,Simulated AP-71
32,B02-SS-S11,Simulated AP-72
33,B02-SS-S08,Simulated AP-73
34,B02-SS-S05,Simulated AP-74
35,B02-SS-S06,Simulated AP-75
36,B02-SS-URG06,Simulated AP-76
37,B02-SS-URG02,Simulated AP-77
38,B02-SS-URG04,Simulated AP-78
39,B02-SS-URG07,Simulated AP-79
40,B02-SS-URG10,Simulated AP-80
41,B02-SS-URG11,Simulated AP-81
42,B02-SS-URG12,Simulated AP-82
43,B02-SS-URG14,Simulated AP-83
44,B02-SS-URG09,Simulated AP-84
45,B02-SS-E01,Simulated AP-85
46,B02-SS-E03,Simulated AP-86
47,B02-SS-E04,Simulated AP-87
48,B02-1-DESJ-04,Simulated AP-1
49,B02-1S08,Simulated AP-10
50,B02-1S06,Simulated AP-11
51,B02-1S05,Simulated AP-12
52,B02-1S04,Simulated AP-13
53,B02-1S10,Simulated AP-14
54,B02-1S12,Simulated AP-15
55,B02-1S02,Simulated AP-16
56,B02-1S01,Simulated AP-17
57,B02-1E01,Simulated AP-18
58,B02-1E03,Simulated AP-19
59,B02-1-DESJ-01,Simulated AP-2
60,B02-1E04,Simulated AP-20
61,B02-1S11,Simulated AP-200
62,B02-1S03,Simulated AP-201
63,B02-1-URG02,Simulated AP-202
64,B02-1E02,Simulated AP-203
65,B02-1O02,Simulated AP-204
66,B02-1-DESJ-05,Simulated AP-205
67,B02-1O01,Simulated AP-21
68,B02-1O03,Simulated AP-22
69,B02-1O04,Simulated AP-23
70,B02-1N01,Simulated AP-24
71,B02-1N02,Simulated AP-25
72,B02-1N03,Simulated AP-26
73,B02-1N04,Simulated AP-27
74,B02-1N05,Simulated AP-28
75,B02-1-DESJ-06,Simulated AP-3
76,B02-1-DESJ-03,Simulated AP-4
77,B02-1-DESJ-02,Simulated AP-5
78,B02-1-URG03,Simulated AP-6
79,B02-1-URG01,Simulated AP-7
80,B02-1S09,Simulated AP-8
81,B02-1S07,Simulated AP-9
82,B02-2S10,Simulated AP-100
83,B02-2S13,Simulated AP-101
84,B02-2S12,Simulated AP-102
85,B02-2S09,Simulated AP-103
86,B02-2S05,Simulated AP-104
87,B02-2S04,Simulated AP-105
88,B02-2S11,Simulated AP-106
89,B02-2-DESJ05,Simulated AP-107
90,B02-2-DESJ06,Simulated AP-108
91,B02-2-DESJ07,Simulated AP-109
92,B02-2-DESJ03,Simulated AP-110
93,B02-2-DESJ01,Simulated AP-111
94,B02-2-DESJ02,Simulated AP-112
95,B02-2-DESJ04,Simulated AP-113
96,B02-2-DESJ08,Simulated AP-114
97,B02-2S08,Simulated AP-194
98,B02-2S07,Simulated AP-195
99,B02-2S03,Simulated AP-196
100,B02-2S02,Simulated AP-197
101,B02-2E02,Simulated AP-198
102,B02-2O03,Simulated AP-199
103,B02-2N04,Simulated AP-88,103
104,B02-2N03,Simulated AP-89,104
105,B02-2N02,Simulated AP-90,105
106,B02-2O01,Simulated AP-91,106
107,B02-2O02,Simulated AP-92,107
108,B02-2O04,Simulated AP-93,108
109,B02-2S01,Simulated AP-94,109
110,B02-2N01,Simulated AP-95,110
111,B02-2E01,Simulated AP-96,111
112,B02-2E03,Simulated AP-97,112
113,B02-2E04,Simulated AP-98,113
114,B02-2S06,Simulated AP-99,114
115,B02-3S01,Simulated AP-192
116,B02-3E01,Simulated AP-193
117,B02-3O04,Simulated AP-29
118,B02-3O03,Simulated AP-30
119,B02-3O02,Simulated AP-31
120,B02-3O01,Simulated AP-32
121,B02-3E02,Simulated AP-33
122,B02-3E03,Simulated AP-34
123,B02-3E04,Simulated AP-35
124,B02-3E05,Simulated AP-36
125,B02-3S02,Simulated AP-37
126,B02-3S03,Simulated AP-38
127,B02-3S04,Simulated AP-39
128,B02-3S05,Simulated AP-40
129,B02-3S06,Simulated AP-41
130,B02-3S09,Simulated AP-42
131,B02-3S12,Simulated AP-43
132,B02-3S08,Simulated AP-44
133,B02-3N02,Simulated AP-45
134,B02-3N01,Simulated AP-46
135,B02-3S10,Simulated AP-47
136,B02-3S07,Simulated AP-48
137,B02-3S11,Simulated AP-49
138,B02-3S14,Simulated AP-50
139,B02-3S13,Simulated AP-51
140,B02-4S03,Simulated AP-116
141,B02-4S02,Simulated AP-117
142,B02-4S01,Simulated AP-118
143,B02-4O01,Simulated AP-119
144,B02-4O03,Simulated AP-120
145,B02-4O04,Simulated AP-121
146,B02-4O05,Simulated AP-122
147,B02-4E01,Simulated AP-123
148,B02-4E02,Simulated AP-124
149,B02-4E03,Simulated AP-125
150,B02-4E04,Simulated AP-126
151,B02-4N01,Simulated AP-127
152,B02-4N02,Simulated AP-128
153,B02-4N03,Simulated AP-129
154,B02-4N04,Simulated AP-130
155,B02-4O02,Simulated AP-190
156,B02-4S04,Simulated AP-191
157,B02-5O04,Simulated AP-131
158,B02-5O03,Simulated AP-132
159,B02-5O02,Simulated AP-133
160,B02-5O01,Simulated AP-134
161,B02-5E01,Simulated AP-135
162,B02-5E03,Simulated AP-136
163,B02-5E04,Simulated AP-137
164,B02-5E05,Simulated AP-138
165,B02-5N01,Simulated AP-139
166,B02-5N02,Simulated AP-140
167,B02-5N03,Simulated AP-141
168,B02-5E02,Simulated AP-189
169,B02-6O04,Simulated AP-142
170,B02-6O03,Simulated AP-143
171,B02-6O01,Simulated AP-144
172,B02-6N01,Simulated AP-145
173,B02-6E02,Simulated AP-146
174,B02-6E03,Simulated AP-147
175,B02-6E04,Simulated AP-148
176,B02-6N02,Simulated AP-149
177,B02-6N03,Simulated AP-150
178,B02-6N04,Simulated AP-151
179,B02-6O02,Simulated AP-187
180,B02-6E01,Simulated AP-188
181,B02-7N03,Simulated AP-152
182,B02-7N02,Simulated AP-153
183,B02-7N01,Simulated AP-154
184,B02-7O01,Simulated AP-155
185,B02-7O02,Simulated AP-156
186,B02-7O03,Simulated AP-157
187,B02-7O04,Simulated AP-158
188,B02-7E01,Simulated AP-159
189,B02-7E02,Simulated AP-160
190,B02-7E03,Simulated AP-161
191,B02-7E04,Simulated AP-162
192,B02-7E05,Simulated AP-163
193,B02-8O05,Simulated AP-164
194,B02-8O04,Simulated AP-165
195,B02-8O03,Simulated AP-166
196,B02-8O02,Simulated AP-167
197,B02-8N01,Simulated AP-168
198,B02-8E01,Simulated AP-169
199,B02-8E02,Simulated AP-170
200,B02-8E03,Simulated AP-171
201,B02-8E04,Simulated AP-172
204,B02-9O04,Simulated AP-174
205,B02-9O03,Simulated AP-175
206,B02-9O02,Simulated AP-176
207,B02-9O01,Simulated AP-177
208,B02-9N01,Simulated AP-178
209,B02-9E01,Simulated AP-179
210,B02-9E02,Simulated AP-180
211,B02-9E03,Simulated AP-181
212,B02-9E04,Simulated AP-182
213,B02-9N02,Simulated AP-184
214,B02-9N03,Simulated AP-185